,year,k,tau,cov
0,2008,white,6.416902656692234,0.3209422764537336
