,year,k,tau,cov
0,2008,black,8.509794945601383,0.3646320181278085
