,year,k,tau,cov
0,2008,other,7.156987890037121,0.4576187655182101
